id;status;order_time;estimated_delivery_time;real_delivery_time
1;portal reboot;2021-04-03T23:21:43;2021-04-04T07:04:10;2021-04-03T16:09:21
2;Peso Handcrafted;2021-04-03T17:15:44;2021-04-03T20:54:06;2021-04-04T03:37:56
3;Laffitte online;2021-04-04T00:39:17;2021-04-03T20:12:27;2021-04-04T08:14:26
4;HDD;2021-04-03T23:17:47;2021-04-04T15:05:21;2021-04-03T18:31:03
5;Investment synergize;2021-04-03T17:52:20;2021-04-03T21:42:38;2021-04-03T22:32:58
6;Oberkampf Bonaparte;2021-04-03T21:30:44;2021-04-04T11:54:40;2021-04-04T11:53:06
7;Rhône-Alpes Éthiopie;2021-04-04T13:39:22;2021-04-04T14:32:53;2021-04-03T20:06:03
8;Cotton olive a;2021-04-04T01:12:04;2021-04-03T18:52:52;2021-04-04T13:04:46
9;des client-server;2021-04-04T08:12:43;2021-04-04T04:31:57;2021-04-04T13:01:52
10;b;2021-04-03T16:55:18;2021-04-04T13:33:42;2021-04-04T04:26:05
